StatZone,Street,HouseNum,Year,Month,Day,DayWeek,HMOname,HMOexp,HMOacc
611,הגפן,49,2020.0,11.0,,,כללית,לא רלוונטי,ללא
633,א סלט,1,2020.0,11.0,,,לאומית,פסיכיאטריה,לא ידוע
633,א סלט,1,2020.0,11.0,,,לאומית,נוירולוגיה,לא ידוע
633,אבן סינא,8,2020.0,11.0,,,כללית,בריאות הנפש ,ללא
633,אבן סינא,8,2020.0,11.0,,,כללית,לא רלוונטי,לא ידוע
633,אבן סינא,8,2020.0,11.0,,,כללית,משפחה,לא ידוע
633,אבן סינא,8,2020.0,11.0,,,כללית,משפחה,לא ידוע
633,אבן סינא,8,2020.0,11.0,,,כללית,משפחה,לא ידוע
633,אבן סינא,8,2020.0,11.0,,,כללית,משפחה,לא ידוע
633,אבן סינא,8,2020.0,11.0,,,כללית,משפחה,לא ידוע
633,אבן סינא,8,2020.0,11.0,,,כללית,שירותי אחות,לא ידוע
633,אבן סינא,8,2020.0,11.0,,,כללית,סוכרת,לא ידוע
633,אבן סינא,8,2020.0,11.0,,,כללית,בית מרקחת,לא ידוע
632,אחד העם,12,2020.0,11.0,,,כללית,לא רלוונטי,לא ידוע
632,אחד העם,7,2020.0,11.0,,,לאומית,בריאות הנפש - הילד והמתבגר,לא ידוע
632,אחד העם,7,2020.0,11.0,,,לאומית,פסיכיאטריה,לא ידוע
632,אחד העם,7,2020.0,11.0,,,לאומית,פסיכותרפיה,לא ידוע
632,אחד העם,7,2020.0,11.0,,,לאומית,פסיכותרפיה,לא ידוע
632,אחד העם,7,2020.0,11.0,,,לאומית,בריאות הנפש - הילד והמתבגר,לא ידוע
632,אחד העם,7,2020.0,11.0,,,לאומית,פסיכותרפיה,לא ידוע
632,אחד העם,7,2020.0,11.0,,,לאומית,בריאות הנפש - הילד והמתבגר,לא ידוע
632,אחד העם,12,2020.0,11.0,,,כללית,לא רלוונטי,לא ידוע
632,אחד העם,12,2020.0,11.0,,,כללית,אורתופדיה,לא ידוע
632,אחד העם,12,2020.0,11.0,,,כללית,אורתופדיה,לא ידוע
632,אחד העם,12,2020.0,11.0,,,כללית,אורתופדיה,לא ידוע
632,אחד העם,12,2020.0,11.0,,,כללית,אורתופדיה,לא ידוע
632,אחד העם,12,2020.0,11.0,,,מכבי,קשב וריכוז,יש לברר טלפונית
632,אחד העם,12,2020.0,11.0,,,מכבי,לא רלוונטי,יש לברר טלפונית
632,אחד העם,12,2020.0,11.0,,,לאומית,אורתופדיה,לא ידוע
632,אחד העם,12,2020.0,11.0,,,מכבי,לא רלוונטי,יש לברר טלפונית
632,אחד העם,12,2020.0,11.0,,,מכבי,אורתופדיה - כף רגל,יש לברר טלפונית
632,אחד העם,12,2020.0,11.0,,,לאומית,נוירולוגיה,לא ידוע
631,ארלוזורוב,16,2020.0,11.0,,,כללית,קלינאי תקשורת - שפה ודיבור,ללא
631,ארלוזורוב,16,2020.0,11.0,,,כללית,ריפוי בעיסוק,ללא
631,ארלוזורוב,16,2020.0,11.0,,,כללית,פסיכותרפיה,ללא
631,ארלוזורוב,16,2020.0,11.0,,,כללית,לא רלוונטי,לא ידוע
631,ארלוזורוב,16,2020.0,11.0,,,כללית,ריפוי בעיסוק,לא ידוע
631,ארלוזורוב,16,2020.0,11.0,,,כללית,קלינאי תקשורת - שפה ודיבור,"שירותי נכים, מיטה חשמלית"
631,ארלוזורוב,16,2020.0,11.0,,,כללית,ריפוי בעיסוק,"שירותי נכים, מיטה חשמלית"
631,ארלוזורוב,16,2020.0,11.0,,,מאוחדת,טיפת חלב,לא ידוע
631,ארלוזורוב,16,2020.0,11.0,,,מאוחדת,נוירולוגית ילדים והתפתחות הילד,לא ידוע
641,ארלוזורוב,11,2020.0,11.0,,,מאוחדת,מעבדה,לא ידוע
641,ארלוזורוב,11,2020.0,11.0,,,מאוחדת,מעבדה,לא ידוע
641,ארלוזורוב,11,2020.0,11.0,,,מאוחדת,דיאטן תזונאי,לא ידוע
641,ארלוזורוב,11,2020.0,11.0,,,מאוחדת,דיאטן תזונאי,לא ידוע
641,ארלוזורוב,11,2020.0,11.0,,,מאוחדת,שירותי אחות,לא ידוע
641,ארלוזורוב,11,2020.0,11.0,,,מאוחדת,שירותי אחות,לא ידוע
641,ארלוזורוב,11,2020.0,11.0,,,מאוחדת,ילדים,לא ידוע
641,ארלוזורוב,11,2020.0,11.0,,,מאוחדת,אורתופדיה,לא ידוע
641,ארלוזורוב,11,2020.0,11.0,,,מאוחדת,אנדוקרינולוגית ילדים,לא ידוע
641,ארלוזורוב,11,2020.0,11.0,,,מאוחדת,ילדים,לא ידוע
641,ארלוזורוב,11,2020.0,11.0,,,מאוחדת,אורולוגיה,לא ידוע
641,ארלוזורוב,11,2020.0,11.0,,,מאוחדת,ילדים,לא ידוע
641,ארלוזורוב,11,2020.0,11.0,,,מאוחדת,ילדים,לא ידוע
641,ארלוזורוב,11,2020.0,11.0,,,מאוחדת,קלינאי תקשורת,לא ידוע
641,ארלוזורוב,11,2020.0,11.0,,,מאוחדת,קלינאי תקשורת,לא ידוע
641,ארלוזורוב,11,2020.0,11.0,,,מאוחדת,משפחה,לא ידוע
641,ארלוזורוב,11,2020.0,11.0,,,מאוחדת,משפחה,לא ידוע
641,ארלוזורוב,11,2020.0,11.0,,,מאוחדת,משפחה,לא ידוע
641,ארלוזורוב,11,2020.0,11.0,,,מאוחדת,משפחה,לא ידוע
641,ארלוזורוב,11,2020.0,11.0,,,מאוחדת,משפחה,לא ידוע
641,ארלוזורוב,11,2020.0,11.0,,,מאוחדת,משפחה,לא ידוע
641,ארלוזורוב,11,2020.0,11.0,,,מאוחדת,נוירולוגיה,לא ידוע
641,ארלוזורוב,11,2020.0,11.0,,,מאוחדת,עור ומין,לא ידוע
641,ארלוזורוב,11,2020.0,11.0,,,מאוחדת,מעבדה,לא ידוע
641,ארלוזורוב,11,2020.0,11.0,,,מאוחדת,אורתופדיה,לא ידוע
641,ארלוזורוב,11,2020.0,11.0,,,מאוחדת,אורולוגיה,לא ידוע
641,ארלוזורוב,11,2020.0,11.0,,,מאוחדת,שירותי אחות,לא ידוע
641,ארלוזורוב,11,2020.0,11.0,,,מאוחדת,אנדוקרינולוגית ילדים,לא ידוע
641,ארלוזורוב,11,2020.0,11.0,,,מאוחדת,לא רלוונטי,לא ידוע
641,ארלוזורוב,11,2020.0,11.0,,,מאוחדת,עור ומין,לא ידוע
641,ארלוזורוב,11,2020.0,11.0,,,מאוחדת,נוירולוגיה,לא ידוע
641,ארלוזורוב,11,2020.0,11.0,,,מאוחדת,בית מרקחת,לא ידוע
641,ארלוזורוב,11,2020.0,11.0,,,מאוחדת,שירותי משרד,לא ידוע
641,ארלוזורוב,11,2020.0,11.0,,,מאוחדת,דיאטן תזונאי,לא ידוע
641,ארלוזורוב,11,2020.0,11.0,,,מאוחדת,משפחה,לא ידוע
641,ארלוזורוב,11,2020.0,11.0,,,מאוחדת,ילדים,לא ידוע
641,ארלוזורוב,11,2020.0,11.0,,,מאוחדת,נוירולוגית ילדים והתפתחות הילד,לא ידוע
641,ארלוזורוב,11,2020.0,11.0,,,מאוחדת,קלינאי תקשורת - שפה ודיבור,לא ידוע
641,ארלוזורוב,11,2020.0,11.0,,,מאוחדת,קלינאי תקשורת - שפה ודיבור,לא ידוע
642,בר כוכבא,12,2020.0,11.0,,,מאוחדת,בית מרקחת,לא ידוע
622,גאולה,8,2020.0,11.0,,,כללית,לא רלוונטי,לא ידוע
622,גאולה,8,2020.0,11.0,,,כללית,קשב וריכוז,לא ידוע
622,גאולה,8,2020.0,11.0,,,כללית,יילוד וגינקולוגיה - מעקב הריון,לא ידוע
622,גאולה,8,2020.0,11.0,,,כללית,יילוד וגינקולוגיה,לא ידוע
622,גאולה,8,2020.0,11.0,,,כללית,משפחה,לא ידוע
622,גאולה,8,2020.0,11.0,,,כללית,דיאטן תזונאי,לא ידוע
622,גאולה,8,2020.0,11.0,,,כללית,ילדים,לא ידוע
622,גאולה,8,2020.0,11.0,,,כללית,משפחה,לא ידוע
622,גאולה,8,2020.0,11.0,,,כללית,משפחה,לא ידוע
622,גאולה,8,2020.0,11.0,,,כללית,יילוד וגינקולוגיה,לא ידוע
622,גאולה,8,2020.0,11.0,,,כללית,יילוד וגינקולוגיה - מעקב הריון,לא ידוע
622,גאולה,8,2020.0,11.0,,,כללית,משפחה,לא ידוע
622,גאולה,8,2020.0,11.0,,,כללית,נוירולוגית ילדים והתפתחות הילד,לא ידוע
622,גאולה,8,2020.0,11.0,,,כללית,משפחה,לא ידוע
622,גאולה,8,2020.0,11.0,,,כללית,דיאטן תזונאי,לא ידוע
622,גאולה,8,2020.0,11.0,,,כללית,עבודה סוציאלית,לא ידוע
622,גאולה,8,2020.0,11.0,,,כללית,בית מרקחת,לא ידוע
642,גאולה,18,2020.0,11.0,,,כללית,לא רלוונטי,ללא
642,גאולה,18,2020.0,11.0,,,כללית,ילדים,"שירותי נכים, מיטה חשמלית"
642,גאולה,18,2020.0,11.0,,,מכבי,ילדים,יש לברר טלפונית
642,גאולה,13,2020.0,11.0,,,מכבי,בית מרקחת,יש לברר טלפונית
642,גאולה,18,2020.0,11.0,,,מאוחדת,ילדים,לא ידוע
611,הגפן,49,2020.0,11.0,,,כללית,משפחה,"שירותי נכים, מיטה חשמלית"
633,החלוץ,20,2020.0,11.0,,,לאומית,קלינאות תקשורת - מכשירי שמיעה,לא ידוע
633,החלוץ,20,2020.0,11.0,,,מאוחדת,לא רלוונטי,לא ידוע
613,הלל,18,2020.0,11.0,,,כללית,טיפת חלב,"גישה למרפאה, מעלית או מבנה חד קומתי , חניית נכים"
613,הלל,58,2020.0,11.0,,,לאומית,אף אוזן וגרון,לא ידוע
633,הנביאים,18,2020.0,11.0,,,כללית,מעבדה,לא ידוע
633,הנביאים,18,2020.0,11.0,,,כללית,רפואת שיניים,לא ידוע
633,הנביאים,18,2020.0,11.0,,,כללית,לא רלוונטי,לא ידוע
633,הנביאים,18,2020.0,11.0,,,כללית,מעבדה,לא ידוע
633,הנביאים,18,2020.0,11.0,,,כללית,מעבדה,לא ידוע
633,הנביאים,18,2020.0,11.0,,,כללית,מעבדה,לא ידוע
633,הנביאים,18,2020.0,11.0,,,כללית,מעבדה,לא ידוע
633,הנביאים,18,2020.0,11.0,,,כללית,לא רלוונטי,לא ידוע
633,הנביאים,18,2020.0,11.0,,,כללית,בריאות הנפש ,לא ידוע
633,הנביאים,18,2020.0,11.0,,,כללית,עור ומין,לא ידוע
633,הנביאים,18,2020.0,11.0,,,כללית,אף אוזן וגרון,לא ידוע
633,הנביאים,18,2020.0,11.0,,,כללית,עיניים,לא ידוע
633,הנביאים,18,2020.0,11.0,,,כללית,יילוד וגינקולוגיה,לא ידוע
633,הנביאים,18,2020.0,11.0,,,כללית,עיניים,לא ידוע
633,הנביאים,18,2020.0,11.0,,,כללית,אף אוזן וגרון,לא ידוע
633,הנביאים,18,2020.0,11.0,,,כללית,דיאטן תזונאי,לא ידוע
633,הנביאים,18,2020.0,11.0,,,כללית,עיניים,לא ידוע
633,הנביאים,18,2020.0,11.0,,,כללית,עיניים ילדים,לא ידוע
633,הנביאים,18,2020.0,11.0,,,כללית,עיניים,לא ידוע
633,הנביאים,18,2020.0,11.0,,,כללית,דיאטן תזונאי,לא ידוע
633,הנביאים,18,2020.0,11.0,,,כללית,עיניים,לא ידוע
633,הנביאים,18,2020.0,11.0,,,כללית,אורתופטיקה,לא ידוע
633,הנביאים,18,2020.0,11.0,,,כללית,עיניים,לא ידוע
633,הנביאים,18,2020.0,11.0,,,כללית,יילוד וגינקולוגיה,לא ידוע
633,הנביאים,18,2020.0,11.0,,,כללית,נפרולוגיה,לא ידוע
633,הנביאים,18,2020.0,11.0,,,כללית,עור ומין,לא ידוע
633,הנביאים,18,2020.0,11.0,,,כללית,עור ומין,לא ידוע
633,הנביאים,18,2020.0,11.0,,,כללית,עור ומין,לא ידוע
633,הנביאים,18,2020.0,11.0,,,כללית,אף אוזן וגרון,לא ידוע
633,הנביאים,18,2020.0,11.0,,,כללית,עיניים,לא ידוע
633,הנביאים,18,2020.0,11.0,,,כללית,עיניים,לא ידוע
633,הנביאים,18,2020.0,11.0,,,כללית,עיניים,לא ידוע
633,הנביאים,18,2020.0,11.0,,,כללית,לא רלוונטי,לא ידוע
633,הנביאים,18,2020.0,11.0,,,כללית,יילוד וגינקולוגיה - מעקב הריון,לא ידוע
633,הנביאים,18,2020.0,11.0,,,כללית,יילוד וגינקולוגיה - מעקב הריון,לא ידוע
633,הנביאים,18,2020.0,11.0,,,כללית,יילוד וגינקולוגיה,לא ידוע
633,הנביאים,18,2020.0,11.0,,,כללית,יילוד וגינקולוגיה - מעקב הריון,לא ידוע
633,הנביאים,18,2020.0,11.0,,,כללית,דיאטן תזונאי,לא ידוע
633,הנביאים,18,2020.0,11.0,,,כללית,מחלות ריאה ילדים,לא ידוע
633,הנביאים,18,2020.0,11.0,,,כללית,כירורגית ילדים,לא ידוע
633,הנביאים,18,2020.0,11.0,,,כללית,סוכרת ילדים,לא ידוע
633,הנביאים,18,2020.0,11.0,,,כללית,אנדוקרינולוגית ילדים,לא ידוע
633,הנביאים,18,2020.0,11.0,,,כללית,סוכרת ילדים,לא ידוע
633,הנביאים,18,2020.0,11.0,,,כללית,אנדוקרינולוגית ילדים,לא ידוע
633,הנביאים,18,2020.0,11.0,,,כללית,אנדוקרינולוגית ילדים,לא ידוע
633,הנביאים,18,2020.0,11.0,,,כללית,דיאטן תזונאי,לא ידוע
633,הנביאים,18,2020.0,11.0,,,כללית,מחלות ריאה ילדים,לא ידוע
633,הנביאים,18,2020.0,11.0,,,כללית,ראומטולוגית ילדים,לא ידוע
633,הנביאים,18,2020.0,11.0,,,כללית,ילדים,לא ידוע
633,הנביאים,18,2020.0,11.0,,,כללית,כירורגיה כללית,לא ידוע
633,הנביאים,18,2020.0,11.0,,,כללית,ילדים,לא ידוע
633,הנביאים,18,2020.0,11.0,,,כללית,סוכרת ילדים,לא ידוע
633,הנביאים,18,2020.0,11.0,,,כללית,אנדוקרינולוגית ילדים,לא ידוע
633,הנביאים,18,2020.0,11.0,,,כללית,עבודה סוציאלית,לא ידוע
633,הנביאים,18,2020.0,11.0,,,כללית,בריאות הנפש - הילד והמתבגר,לא ידוע
633,הנביאים,18,2020.0,11.0,,,כללית,פסיכותרפיה,לא ידוע
633,הנביאים,18,2020.0,11.0,,,כללית,עבודה סוציאלית,לא ידוע
633,הנביאים,18,2020.0,11.0,,,כללית,עבודה סוציאלית,לא ידוע
633,הנביאים,18,2020.0,11.0,,,כללית,פסיכותרפיה,לא ידוע
633,הנביאים,18,2020.0,11.0,,,כללית,פסיכותרפיה,לא ידוע
633,הנביאים,18,2020.0,11.0,,,כללית,עבודה סוציאלית,לא ידוע
633,הנביאים,18,2020.0,11.0,,,כללית,בריאות הנפש - הילד והמתבגר,לא ידוע
633,הנביאים,18,2020.0,11.0,,,כללית,פסיכותרפיה,לא ידוע
633,הנביאים,18,2020.0,11.0,,,כללית,עבודה סוציאלית,לא ידוע
633,הנביאים,18,2020.0,11.0,,,כללית,בריאות הנפש - הילד והמתבגר,לא ידוע
633,הנביאים,18,2020.0,11.0,,,כללית,בריאות הנפש - הילד והמתבגר,לא ידוע
633,הנביאים,18,2020.0,11.0,,,כללית,עבודה סוציאלית,לא ידוע
633,הנביאים,18,2020.0,11.0,,,כללית,פסיכותרפיה,לא ידוע
633,הנביאים,18,2020.0,11.0,,,כללית,פסיכותרפיה,לא ידוע
633,הנביאים,18,2020.0,11.0,,,כללית,פסיכולוגיה ילדים ונוער,לא ידוע
633,הנביאים,18,2020.0,11.0,,,כללית,פסיכולוגיה,לא ידוע
633,הנביאים,18,2020.0,11.0,,,כללית,אורתופטיקה,לא ידוע
633,הנביאים,18,2020.0,11.0,,,כללית,ילדים,לא ידוע
633,הנביאים,18,2020.0,11.0,,,כללית,כירורגית כלי דם,לא ידוע
633,הנביאים,18,2020.0,11.0,,,כללית,עבודה סוציאלית,לא ידוע
633,הנביאים,18,2020.0,11.0,,,כללית,דיאטן תזונאי,לא ידוע
633,הנביאים,18,2020.0,11.0,,,כללית,ילדים,לא ידוע
633,הנביאים,18,2020.0,11.0,,,כללית,אף אוזן וגרון,לא ידוע
633,הנביאים,18,2020.0,11.0,,,כללית,דיאטן תזונאי,לא ידוע
633,הנביאים,18,2020.0,11.0,,,כללית,פסיכולוגיה ילדים ונוער,לא ידוע
633,הנביאים,18,2020.0,11.0,,,כללית,פסיכולוגיה,לא ידוע
633,הנביאים,18,2020.0,11.0,,,כללית,עבודה סוציאלית,לא ידוע
633,הנביאים,18,2020.0,11.0,,,כללית,אף אוזן וגרון,לא ידוע
633,הנביאים,18,2020.0,11.0,,,כללית,בית מרקחת,לא ידוע
633,הנביאים,20,2020.0,11.0,,,מכבי,עור ומין,יש לברר טלפונית
633,הנביאים,19,2020.0,11.0,,,לאומית,גסטרואנטרולוגיה,לא ידוע
633,הנביאים,21,2020.0,11.0,,,מכבי,בית מרקחת,יש לברר טלפונית
633,הנביאים,18,2020.0,11.0,,,מכבי,בית מרקחת,יש לברר טלפונית
633,הנביאים,20,2020.0,11.0,,,מאוחדת,משפחה,לא ידוע
633,הנביאים,21,2020.0,11.0,,,מאוחדת,בית מרקחת,לא ידוע
633,הנביאים,18,2020.0,11.0,,,מאוחדת,בית מרקחת,לא ידוע
621,הס,9,2020.0,11.0,,,לאומית,מחלות ריאה,לא ידוע
641,הקישון,3,2020.0,11.0,,,לאומית,רפואת שיניים - ילדים,לא
641,הקישון,3,2020.0,11.0,,,לאומית,רפואת שיניים,לא
641,הקישון,3,2020.0,11.0,,,מאוחדת,רפואת שיניים,לא ידוע
641,הקישון,3,2020.0,11.0,,,מאוחדת,רפואת שיניים - רפואת הפה,לא ידוע
634,הרב הרצוג,1,2020.0,11.0,,,מכבי,אף אוזן וגרון,יש לברר טלפונית
634,הרב הרצוג,1,2020.0,11.0,,,מכבי,משפחה,יש לברר טלפונית
641,הרב הרצוג,4,2020.0,11.0,,,מכבי,רפואת שיניים - רפואת הפה,"שירותי נכים, מיטה חשמלית"
641,הרב הרצוג,4,2020.0,11.0,,,מכבי,רפואת שיניים,"שירותי נכים, מיטה חשמלית"
641,הרב הרצוג,4,2020.0,11.0,,,מאוחדת,רפואת שיניים - רפואת הפה,לא ידוע
641,הרב הרצוג,4,2020.0,11.0,,,מאוחדת,רפואת שיניים,לא ידוע
633,הרצל,2,2020.0,11.0,,,לאומית,רפואת שיניים,כן
633,הרצל,2,2020.0,11.0,,,לאומית,רפואת שיניים - ילדים,כן
633,הרצל,16,2020.0,11.0,,,לאומית,משפחה,לא ידוע
633,הרצל,16,2020.0,11.0,,,לאומית,גסטרואנטרולוגיה,לא ידוע
633,הרצל,18,2020.0,11.0,,,מכבי,בית מרקחת,יש לברר טלפונית
633,הרצל,18,2020.0,11.0,,,מאוחדת,בית מרקחת,לא ידוע
634,הרצל,63,2020.0,11.0,,,כללית,לא רלוונטי,לא ידוע
634,הרצל,63,2020.0,11.0,,,כללית,לא רלוונטי,לא ידוע
634,הרצל,63,2020.0,11.0,,,כללית,מכון שינה,לא ידוע
634,הרצל,63,2020.0,11.0,,,כללית,מחלות ריאה ילדים,לא ידוע
634,הרצל,63,2020.0,11.0,,,כללית,לא רלוונטי,לא ידוע
634,הרצל,63,2020.0,11.0,,,כללית,פסיכיאטריה,לא ידוע
634,הרצל,63,2020.0,11.0,,,כללית,תיפקוד מיני,לא ידוע
634,הרצל,63,2020.0,11.0,,,כללית,לא רלוונטי,לא ידוע
634,הרצל,63,2020.0,11.0,,,כללית,קשב וריכוז,לא ידוע
634,הרצל,63,2020.0,11.0,,,מכבי,לא רלוונטי,"שירותי נכים, מיטה חשמלית"
634,הרצל,63,2020.0,11.0,,,מכבי,עור ומין,יש לברר טלפונית
634,הרצל,63,2020.0,11.0,,,מכבי,עור ומין,יש לברר טלפונית
634,הרצל,63,2020.0,11.0,,,מכבי,משפחה,יש לברר טלפונית
634,הרצל,63,2020.0,11.0,,,מכבי,ילדים,יש לברר טלפונית
634,הרצל,63,2020.0,11.0,,,מכבי,פסיכיאטריה,יש לברר טלפונית
634,הרצל,63,2020.0,11.0,,,מכבי,ילדים,יש לברר טלפונית
634,הרצל,63,2020.0,11.0,,,מכבי,ילדים,יש לברר טלפונית
634,הרצל,63,2020.0,11.0,,,מכבי,משפחה,יש לברר טלפונית
634,הרצל,63,2020.0,11.0,,,מכבי,עיניים,יש לברר טלפונית
634,הרצל,63,2020.0,11.0,,,מכבי,משפחה,יש לברר טלפונית
634,הרצל,29,2020.0,11.0,,,מכבי,בית מרקחת,יש לברר טלפונית
634,הרצל,29,2020.0,11.0,,,מאוחדת,בית מרקחת,לא ידוע
634,הרצל,57,2020.0,11.0,,,מאוחדת,בית מרקחת,לא ידוע
641,הרצל,77,2020.0,11.0,,,לאומית,אף אוזן וגרון,לא ידוע
641,הרצל,73,2020.0,11.0,,,מכבי,רפואה משלימה,"שירותי נכים, מיטה חשמלית"
641,הרצל,73,2020.0,11.0,,,מכבי,לא רלוונטי,"שירותי נכים, מיטה חשמלית"
641,הרצל,77,2020.0,11.0,,,לאומית,אף אוזן וגרון,לא ידוע
641,הרצל,73,2020.0,11.0,,,מכבי,דימות - רנטגן,הנגשה לניידות
641,הרצל,73,2020.0,11.0,,,מכבי,פצעים קשי ריפוי,הנגשה לניידות
641,הרצל,73,2020.0,11.0,,,מכבי,עבודה סוציאלית,הנגשה לניידות
641,הרצל,73,2020.0,11.0,,,מכבי,מעבדה,הנגשה לניידות
641,הרצל,73,2020.0,11.0,,,מכבי,לא רלוונטי,הנגשה לניידות
641,הרצל,73,2020.0,11.0,,,מכבי,פיזיותרפיה,הנגשה לניידות
641,הרצל,73,2020.0,11.0,,,מכבי,דימות - אולטרה סאונד,הנגשה לניידות
641,הרצל,73,2020.0,11.0,,,מכבי,שירותי אחות,הנגשה לניידות
641,הרצל,73,2020.0,11.0,,,מכבי,משפחה,הנגשה לניידות
641,הרצל,73,2020.0,11.0,,,מכבי,אימונולוגיה ואלרגולוגיה,הנגשה לניידות
641,הרצל,73,2020.0,11.0,,,מכבי,אנדוקרינולוגיה,הנגשה לניידות
641,הרצל,73,2020.0,11.0,,,מכבי,עיניים,הנגשה לניידות
641,הרצל,73,2020.0,11.0,,,מכבי,כירורגיה כללית,הנגשה לניידות
641,הרצל,73,2020.0,11.0,,,מכבי,כירורגיה כללית,הנגשה לניידות
641,הרצל,73,2020.0,11.0,,,מכבי,לא רלוונטי,הנגשה לניידות
641,הרצל,73,2020.0,11.0,,,מכבי,כירורגיה כללית,הנגשה לניידות
641,הרצל,73,2020.0,11.0,,,מכבי,לא רלוונטי,הנגשה לניידות
641,הרצל,73,2020.0,11.0,,,מכבי,אורולוגיה,הנגשה לניידות
641,הרצל,73,2020.0,11.0,,,מכבי,אורתופדיה - כף רגל,הנגשה לניידות
641,הרצל,73,2020.0,11.0,,,מכבי,לא רלוונטי,הנגשה לניידות
641,הרצל,73,2020.0,11.0,,,מכבי,פסיכוגריאטריה,הנגשה לניידות
641,הרצל,73,2020.0,11.0,,,מכבי,לא רלוונטי,הנגשה לניידות
641,הרצל,73,2020.0,11.0,,,מכבי,כירורגיה פלסטית,הנגשה לניידות
641,הרצל,73,2020.0,11.0,,,מכבי,אורתופדית ילדים,הנגשה לניידות
641,הרצל,73,2020.0,11.0,,,מכבי,נוירולוגיה,הנגשה לניידות
641,הרצל,73,2020.0,11.0,,,מכבי,המטולוגיה,הנגשה לניידות
641,הרצל,73,2020.0,11.0,,,מכבי,אנדוקרינולוגיה,הנגשה לניידות
641,הרצל,73,2020.0,11.0,,,מכבי,גסטרואנטרולוגיה,הנגשה לניידות
641,הרצל,73,2020.0,11.0,,,מכבי,פסיכיאטריה,הנגשה לניידות
641,הרצל,73,2020.0,11.0,,,מכבי,כירורגיה כללית,הנגשה לניידות
641,הרצל,73,2020.0,11.0,,,מכבי,כירורגית כלי דם,הנגשה לניידות
641,הרצל,73,2020.0,11.0,,,מכבי,כירורגית כלי דם,הנגשה לניידות
641,הרצל,73,2020.0,11.0,,,מכבי,לא רלוונטי,הנגשה לניידות
641,הרצל,73,2020.0,11.0,,,מכבי,עיניים,הנגשה לניידות
641,הרצל,73,2020.0,11.0,,,מכבי,ראומטולוגיה,הנגשה לניידות
641,הרצל,73,2020.0,11.0,,,מכבי,אונקולוגיה,הנגשה לניידות
641,הרצל,73,2020.0,11.0,,,מכבי,לא רלוונטי,הנגשה לניידות
641,הרצל,73,2020.0,11.0,,,מכבי,אונקולוגיה,הנגשה לניידות
641,הרצל,73,2020.0,11.0,,,מכבי,לא רלוונטי,הנגשה לניידות
641,הרצל,73,2020.0,11.0,,,מכבי,אונקולוגיה,הנגשה לניידות
641,הרצל,73,2020.0,11.0,,,מכבי,אונקולוגיה,הנגשה לניידות
641,הרצל,73,2020.0,11.0,,,מכבי,לא רלוונטי,הנגשה לניידות
641,הרצל,73,2020.0,11.0,,,מכבי,אונקולוגיה,הנגשה לניידות
641,הרצל,77,2020.0,11.0,,,מכבי,אף אוזן וגרון,יש לברר טלפונית
641,הרצל,73,2020.0,11.0,,,מכבי,גריאטריה,הנגשה לניידות
641,הרצל,73,2020.0,11.0,,,מכבי,גריאטריה,הנגשה לניידות
641,הרצל,73,2020.0,11.0,,,מכבי,פסיכיאטריה,הנגשה לניידות
641,הרצל,73,2020.0,11.0,,,מכבי,פסיכיאטריה,הנגשה לניידות
641,הרצל,73,2020.0,11.0,,,מכבי,משפחה,הנגשה לניידות
641,הרצל,73,2020.0,11.0,,,לאומית,משפחה,לא ידוע
641,הרצל,73,2020.0,11.0,,,לאומית,גריאטריה,לא ידוע
641,הרצל,73,2020.0,11.0,,,מכבי,משפחה,הנגשה לניידות
641,הרצל,73,2020.0,11.0,,,מכבי,משפחה,הנגשה לניידות
641,הרצל,73,2020.0,11.0,,,מכבי,לא רלוונטי,הנגשה לניידות
641,הרצל,73,2020.0,11.0,,,מכבי,משפחה,הנגשה לניידות
641,הרצל,73,2020.0,11.0,,,לאומית,לא רלוונטי,לא ידוע
641,הרצל,73,2020.0,11.0,,,מכבי,שירותי משרד,הנגשה לניידות
641,הרצל,73,2020.0,11.0,,,מכבי,לא רלוונטי,הנגשה לניידות
641,הרצל,73,2020.0,11.0,,,מכבי,בית מרקחת,"שירותי נכים, מיטה חשמלית"
641,הרצל,73,2020.0,11.0,,,מכבי,יילוד וגינקולוגיה - מעקב הריון,הנגשה לניידות
641,הרצל,73,2020.0,11.0,,,מכבי,דיאטן תזונאי,הנגשה לניידות
641,הרצל,73,2020.0,11.0,,,מכבי,לא רלוונטי,הנגשה לניידות
641,הרצל,73,2020.0,11.0,,,מכבי,סוכרת,הנגשה לניידות
641,הרצל,73,2020.0,11.0,,,מכבי,בריאטריה- קיצור קיבה ,הנגשה לניידות
641,הרצל,73,2020.0,11.0,,,מכבי,דיאטן תזונאי,הנגשה לניידות
641,הרצל,73,2020.0,11.0,,,מכבי,לא רלוונטי,הנגשה לניידות
641,הרצל,73,2020.0,11.0,,,מכבי,קלינאי תקשורת - שפה ודיבור,הנגשה לניידות
641,הרצל,73,2020.0,11.0,,,מכבי,לא רלוונטי,הנגשה לניידות
641,הרצל,73,2020.0,11.0,,,מכבי,עבודה סוציאלית,הנגשה לניידות
641,הרצל,73,2020.0,11.0,,,מכבי,פיזיותרפיה,הנגשה לניידות
641,הרצל,73,2020.0,11.0,,,מכבי,שירותי אחות,הנגשה לניידות
641,הרצל,73,2020.0,11.0,,,מכבי,מעבדה,הנגשה לניידות
641,הרצל,73,2020.0,11.0,,,מכבי,לא רלוונטי,הנגשה לניידות
641,הרצל,73,2020.0,11.0,,,מכבי,דימות - רנטגן,הנגשה לניידות
641,הרצל,73,2020.0,11.0,,,מכבי,דימות - אולטרה סאונד,הנגשה לניידות
641,הרצל,73,2020.0,11.0,,,מכבי,פצעים קשי ריפוי,הנגשה לניידות
641,הרצל,73,2020.0,11.0,,,מכבי,לא רלוונטי,הנגשה לניידות
641,הרצל,73,2020.0,11.0,,,מכבי,קלינאי תקשורת - שפה ודיבור,הנגשה לניידות
642,השילוח,35,2020.0,11.0,,,כללית,טיפת חלב,"גישה למרפאה, מעלית או מבנה חד קומתי , חניית נכים"
642,השילוח,5,2020.0,11.0,,,מכבי,מעבדה,יש לברר טלפונית
642,השילוח,5,2020.0,11.0,,,מכבי,שירותי אחות,יש לברר טלפונית
642,השילוח,5,2020.0,11.0,,,מכבי,עבודה סוציאלית,יש לברר טלפונית
642,השילוח,5,2020.0,11.0,,,מכבי,כירורגית ילדים,יש לברר טלפונית
642,השילוח,5,2020.0,11.0,,,מכבי,יילוד וגינקולוגיה,יש לברר טלפונית
642,השילוח,5,2020.0,11.0,,,מכבי,לא רלוונטי,יש לברר טלפונית
642,השילוח,5,2020.0,11.0,,,מכבי,ילדים,יש לברר טלפונית
642,השילוח,5,2020.0,11.0,,,מכבי,יילוד וגינקולוגיה,יש לברר טלפונית
642,השילוח,5,2020.0,11.0,,,מכבי,משפחה,יש לברר טלפונית
642,השילוח,5,2020.0,11.0,,,מכבי,ילדים,יש לברר טלפונית
642,השילוח,5,2020.0,11.0,,,מכבי,משפחה,יש לברר טלפונית
642,השילוח,5,2020.0,11.0,,,מכבי,ילדים,יש לברר טלפונית
642,השילוח,5,2020.0,11.0,,,מכבי,משפחה,יש לברר טלפונית
642,השילוח,5,2020.0,11.0,,,מכבי,שירותי אחות,יש לברר טלפונית
642,השילוח,5,2020.0,11.0,,,מכבי,לא רלוונטי,יש לברר טלפונית
642,השילוח,5,2020.0,11.0,,,מכבי,דיאטן תזונאי,יש לברר טלפונית
642,השילוח,5,2020.0,11.0,,,מכבי,סוכרת,יש לברר טלפונית
642,השילוח,5,2020.0,11.0,,,מכבי,קלינאי תקשורת - שפה ודיבור,יש לברר טלפונית
642,השילוח,5,2020.0,11.0,,,מכבי,מעבדה,יש לברר טלפונית
642,השילוח,5,2020.0,11.0,,,מכבי,עבודה סוציאלית,יש לברר טלפונית
642,השילוח,5,2020.0,11.0,,,מכבי,שירותי אחות,יש לברר טלפונית
642,השילוח,5,2020.0,11.0,,,מכבי,שירותי אחות,יש לברר טלפונית
631,חיים,7,2020.0,11.0,,,מכבי,משפחה,יש לברר טלפונית
633,חסן שוקרי,1,2020.0,11.0,,,כללית,לא רלוונטי,לא ידוע
633,חסן שוקרי,3,2020.0,11.0,,,לאומית,קלינאי תקשורת - שפה ודיבור,לא ידוע
633,חסן שוקרי,5,2020.0,11.0,,,מאוחדת,מעבדה,לא ידוע
633,חסן שוקרי,5,2020.0,11.0,,,מאוחדת,מעבדה,לא ידוע
633,חסן שוקרי,5,2020.0,11.0,,,מאוחדת,דיאטן תזונאי,לא ידוע
633,חסן שוקרי,5,2020.0,11.0,,,מאוחדת,דיאטן תזונאי,לא ידוע
633,חסן שוקרי,5,2020.0,11.0,,,מאוחדת,גסטרואנטרולוגיה,לא ידוע
633,חסן שוקרי,5,2020.0,11.0,,,מאוחדת,כירורגית ילדים,לא ידוע
633,חסן שוקרי,5,2020.0,11.0,,,מאוחדת,שירותי אחות,לא ידוע
633,חסן שוקרי,5,2020.0,11.0,,,מאוחדת,לא רלוונטי,לא ידוע
633,חסן שוקרי,5,2020.0,11.0,,,מאוחדת,לא רלוונטי,לא ידוע
633,חסן שוקרי,5,2020.0,11.0,,,מאוחדת,שירותי אחות,לא ידוע
633,חסן שוקרי,5,2020.0,11.0,,,מאוחדת,שירותי אחות,לא ידוע
633,חסן שוקרי,5,2020.0,11.0,,,מאוחדת,שירותי אחות,לא ידוע
633,חסן שוקרי,5,2020.0,11.0,,,מאוחדת,שירותי אחות,לא ידוע
633,חסן שוקרי,5,2020.0,11.0,,,מאוחדת,שירותי אחות,לא ידוע
633,חסן שוקרי,5,2020.0,11.0,,,מאוחדת,שירותי אחות,לא ידוע
633,חסן שוקרי,5,2020.0,11.0,,,מאוחדת,שירותי אחות,לא ידוע
633,חסן שוקרי,5,2020.0,11.0,,,מאוחדת,שירותי אחות,לא ידוע
633,חסן שוקרי,5,2020.0,11.0,,,מאוחדת,אף אוזן וגרון,לא ידוע
633,חסן שוקרי,5,2020.0,11.0,,,מאוחדת,אורתופדיה,לא ידוע
633,חסן שוקרי,5,2020.0,11.0,,,מאוחדת,לא רלוונטי,לא ידוע
633,חסן שוקרי,5,2020.0,11.0,,,מאוחדת,יילוד וגינקולוגיה,לא ידוע
633,חסן שוקרי,5,2020.0,11.0,,,מאוחדת,כירורגיה כללית,לא ידוע
633,חסן שוקרי,5,2020.0,11.0,,,מאוחדת,המטולוגיה,לא ידוע
633,חסן שוקרי,5,2020.0,11.0,,,מאוחדת,יילוד וגינקולוגיה,לא ידוע
633,חסן שוקרי,5,2020.0,11.0,,,מאוחדת,יילוד וגינקולוגיה,לא ידוע
633,חסן שוקרי,5,2020.0,11.0,,,מאוחדת,כירורגיה כללית,לא ידוע
633,חסן שוקרי,5,2020.0,11.0,,,מאוחדת,פרוקטולוגיה,לא ידוע
633,חסן שוקרי,5,2020.0,11.0,,,מאוחדת,אורתופדיה,לא ידוע
633,חסן שוקרי,5,2020.0,11.0,,,מאוחדת,אורתופדית ילדים,לא ידוע
633,חסן שוקרי,5,2020.0,11.0,,,מאוחדת,ילדים,לא ידוע
633,חסן שוקרי,5,2020.0,11.0,,,מאוחדת,גסטרואנטרולוגיה,לא ידוע
633,חסן שוקרי,5,2020.0,11.0,,,מאוחדת,כירורגיה פלסטית,לא ידוע
633,חסן שוקרי,5,2020.0,11.0,,,מאוחדת,אורתופדיה,לא ידוע
633,חסן שוקרי,5,2020.0,11.0,,,מאוחדת,יילוד וגינקולוגיה - הריון בסיכון גבוה,לא ידוע
633,חסן שוקרי,5,2020.0,11.0,,,מאוחדת,אורולוגיה,לא ידוע
633,חסן שוקרי,5,2020.0,11.0,,,מאוחדת,יילוד וגינקולוגיה,לא ידוע
633,חסן שוקרי,5,2020.0,11.0,,,מאוחדת,אונקולוגיה,לא ידוע
633,חסן שוקרי,5,2020.0,11.0,,,מאוחדת,סוכרת,לא ידוע
633,חסן שוקרי,5,2020.0,11.0,,,מאוחדת,אנדוקרינולוגיה,לא ידוע
633,חסן שוקרי,5,2020.0,11.0,,,מאוחדת,לא רלוונטי,לא ידוע
633,חסן שוקרי,5,2020.0,11.0,,,מאוחדת,כירורגית ילדים,לא ידוע
633,חסן שוקרי,5,2020.0,11.0,,,מאוחדת,קלינאי תקשורת,לא ידוע
633,חסן שוקרי,5,2020.0,11.0,,,מאוחדת,מחלות ריאה,לא ידוע
633,חסן שוקרי,5,2020.0,11.0,,,מאוחדת,משפחה,לא ידוע
633,חסן שוקרי,5,2020.0,11.0,,,מאוחדת,משפחה,לא ידוע
633,חסן שוקרי,5,2020.0,11.0,,,מאוחדת,משפחה,לא ידוע
633,חסן שוקרי,5,2020.0,11.0,,,מאוחדת,משפחה,לא ידוע
633,חסן שוקרי,5,2020.0,11.0,,,מאוחדת,משפחה,לא ידוע
633,חסן שוקרי,5,2020.0,11.0,,,מאוחדת,נוירולוגיה,לא ידוע
633,חסן שוקרי,5,2020.0,11.0,,,מאוחדת,נפרולוגיה,לא ידוע
633,חסן שוקרי,5,2020.0,11.0,,,מאוחדת,עור ומין,לא ידוע
633,חסן שוקרי,5,2020.0,11.0,,,מאוחדת,עיניים,לא ידוע
633,חסן שוקרי,5,2020.0,11.0,,,מאוחדת,עיניים,לא ידוע
633,חסן שוקרי,5,2020.0,11.0,,,מאוחדת,עיניים,לא ידוע
633,חסן שוקרי,5,2020.0,11.0,,,מאוחדת,פסיכיאטריה,לא ידוע
633,חסן שוקרי,5,2020.0,11.0,,,מאוחדת,קרדיולוגיה,לא ידוע
633,חסן שוקרי,5,2020.0,11.0,,,מאוחדת,ראומטולוגיה,לא ידוע
633,חסן שוקרי,5,2020.0,11.0,,,מאוחדת,יילוד וגינקולוגיה,לא ידוע
633,חסן שוקרי,5,2020.0,11.0,,,מאוחדת,כירורגיה כללית,לא ידוע
633,חסן שוקרי,5,2020.0,11.0,,,מאוחדת,לא רלוונטי,לא ידוע
633,חסן שוקרי,5,2020.0,11.0,,,מאוחדת,בית מרקחת,לא ידוע
633,חסן שוקרי,5,2020.0,11.0,,,מאוחדת,כירורגית ילדים,לא ידוע
633,חסן שוקרי,5,2020.0,11.0,,,מאוחדת,אף אוזן וגרון,לא ידוע
633,חסן שוקרי,5,2020.0,11.0,,,מאוחדת,כירורגיה פלסטית,לא ידוע
633,חסן שוקרי,5,2020.0,11.0,,,מאוחדת,אורתופדיה,לא ידוע
633,חסן שוקרי,5,2020.0,11.0,,,מאוחדת,לא רלוונטי,לא ידוע
633,חסן שוקרי,5,2020.0,11.0,,,מאוחדת,יילוד וגינקולוגיה,לא ידוע
633,חסן שוקרי,5,2020.0,11.0,,,מאוחדת,דימות,לא ידוע
633,חסן שוקרי,5,2020.0,11.0,,,מאוחדת,סוכרת,לא ידוע
633,חסן שוקרי,5,2020.0,11.0,,,מאוחדת,אנדוקרינולוגיה,לא ידוע
633,חסן שוקרי,5,2020.0,11.0,,,מאוחדת,גסטרואנטרולוגיה,לא ידוע
633,חסן שוקרי,5,2020.0,11.0,,,מאוחדת,יילוד וגינקולוגיה,לא ידוע
633,חסן שוקרי,5,2020.0,11.0,,,מאוחדת,קלינאי תקשורת,לא ידוע
633,חסן שוקרי,5,2020.0,11.0,,,מאוחדת,דיאטן תזונאי,לא ידוע
633,חסן שוקרי,5,2020.0,11.0,,,מאוחדת,עיניים,לא ידוע
633,חסן שוקרי,5,2020.0,11.0,,,מאוחדת,פסיכיאטריה,לא ידוע
633,חסן שוקרי,5,2020.0,11.0,,,מאוחדת,בית מרקחת,לא ידוע
633,חסן שוקרי,5,2020.0,11.0,,,מאוחדת,עבודה סוציאלית,לא ידוע
633,חסן שוקרי,5,2020.0,11.0,,,מאוחדת,לא רלוונטי,לא ידוע
633,חסן שוקרי,5,2020.0,11.0,,,מאוחדת,נפרולוגיה,לא ידוע
633,חסן שוקרי,5,2020.0,11.0,,,מאוחדת,אורתופדית ילדים,לא ידוע
633,חסן שוקרי,5,2020.0,11.0,,,מאוחדת,פרוקטולוגיה,לא ידוע
633,חסן שוקרי,5,2020.0,11.0,,,מאוחדת,ילדים,לא ידוע
633,חסן שוקרי,5,2020.0,11.0,,,מאוחדת,נוירולוגית ילדים והתפתחות הילד,לא ידוע
633,חסן שוקרי,5,2020.0,11.0,,,מאוחדת,מחלות ריאה,לא ידוע
633,חסן שוקרי,5,2020.0,11.0,,,מאוחדת,שירותי אחות,לא ידוע
633,חסן שוקרי,5,2020.0,11.0,,,מאוחדת,קרדיולוגיה,לא ידוע
633,חסן שוקרי,5,2020.0,11.0,,,מאוחדת,שירותי משרד,לא ידוע
633,חסן שוקרי,5,2020.0,11.0,,,מאוחדת,ראומטולוגיה,לא ידוע
633,חסן שוקרי,5,2020.0,11.0,,,מאוחדת,דימות - רנטגן,לא ידוע
633,חסן שוקרי,5,2020.0,11.0,,,מאוחדת,המטולוגיה,לא ידוע
633,חסן שוקרי,5,2020.0,11.0,,,מאוחדת,אורולוגיה,לא ידוע
633,חסן שוקרי,5,2020.0,11.0,,,מאוחדת,משפחה,לא ידוע
633,חסן שוקרי,5,2020.0,11.0,,,מאוחדת,עור ומין,לא ידוע
633,חסן שוקרי,5,2020.0,11.0,,,מאוחדת,פיזיותרפיה,לא ידוע
633,חסן שוקרי,5,2020.0,11.0,,,מאוחדת,סוכרת,לא ידוע
633,חסן שוקרי,5,2020.0,11.0,,,מאוחדת,אונקולוגיה,לא ידוע
633,חסן שוקרי,5,2020.0,11.0,,,מאוחדת,מעבדה,לא ידוע
633,חסן שוקרי,5,2020.0,11.0,,,מאוחדת,נוירולוגיה,לא ידוע
633,חסן שוקרי,5,2020.0,11.0,,,מאוחדת,יילוד וגינקולוגיה - הריון בסיכון גבוה,לא ידוע
642,חרמון,3,2020.0,11.0,,,מאוחדת,מעבדה,לא ידוע
642,חרמון,3,2020.0,11.0,,,מאוחדת,שירותי אחות,לא ידוע
642,חרמון,3,2020.0,11.0,,,מאוחדת,שירותי אחות,לא ידוע
642,חרמון,3,2020.0,11.0,,,מאוחדת,יילוד וגינקולוגיה,לא ידוע
642,חרמון,3,2020.0,11.0,,,מאוחדת,יילוד וגינקולוגיה,לא ידוע
642,חרמון,3,2020.0,11.0,,,מאוחדת,יילוד וגינקולוגיה,לא ידוע
642,חרמון,3,2020.0,11.0,,,מאוחדת,יילוד וגינקולוגיה,לא ידוע
642,חרמון,3,2020.0,11.0,,,מאוחדת,יילוד וגינקולוגיה,לא ידוע
642,חרמון,3,2020.0,11.0,,,מאוחדת,יילוד וגינקולוגיה,לא ידוע
642,חרמון,3,2020.0,11.0,,,מאוחדת,נוירולוגית ילדים והתפתחות הילד,לא ידוע
642,חרמון,3,2020.0,11.0,,,מאוחדת,נוירולוגית ילדים והתפתחות הילד,לא ידוע
642,חרמון,3,2020.0,11.0,,,מאוחדת,קלינאי תקשורת - שפה ודיבור,לא ידוע
642,חרמון,3,2020.0,11.0,,,מאוחדת,פסיכולוגיה קלינית,לא ידוע
642,חרמון,3,2020.0,11.0,,,מאוחדת,פסיכולוגיה,לא ידוע
642,חרמון,3,2020.0,11.0,,,מאוחדת,שירותי אחות,לא ידוע
642,חרמון,3,2020.0,11.0,,,מאוחדת,שירותי משרד,לא ידוע
642,חרמון,3,2020.0,11.0,,,מאוחדת,נוירולוגית ילדים והתפתחות הילד,לא ידוע
642,חרמון,3,2020.0,11.0,,,מאוחדת,פסיכולוגיה קלינית,לא ידוע
642,חרמון,3,2020.0,11.0,,,מאוחדת,יילוד וגינקולוגיה,לא ידוע
631,יהושע,7,2020.0,11.0,,,לאומית,יילוד וגינקולוגיה,לא ידוע
641,"יל""ג",1,2020.0,11.0,,,מכבי,לא רלוונטי,יש לברר טלפונית
641,"יל""ג",1,2020.0,11.0,,,מכבי,אורתופדיה - כף רגל,יש לברר טלפונית
641,"יל""ג",1,2020.0,11.0,,,לאומית,אורתופדיה,לא ידוע
641,"יל""ג",6,2020.0,11.0,,,מכבי,מעבדה,"שירותי נכים, מיטה חשמלית"
641,"יל""ג",13,2020.0,11.0,,,מאוחדת,מעבדה,לא ידוע
641,"יל""ג",1,2020.0,11.0,,,מאוחדת,אורתופדיה,לא ידוע
641,"יל""ג",13,2020.0,11.0,,,מאוחדת,אף אוזן וגרון,לא ידוע
641,"יל""ג",13,2020.0,11.0,,,מאוחדת,שירותי אחות,לא ידוע
641,"יל""ג",13,2020.0,11.0,,,מאוחדת,שירותי אחות,לא ידוע
641,"יל""ג",13,2020.0,11.0,,,מאוחדת,ילדים,לא ידוע
641,"יל""ג",1,2020.0,11.0,,,מאוחדת,אורתופדיה,לא ידוע
641,"יל""ג",13,2020.0,11.0,,,מאוחדת,אף אוזן וגרון,לא ידוע
641,"יל""ג",13,2020.0,11.0,,,מאוחדת,אף אוזן וגרון,לא ידוע
641,"יל""ג",13,2020.0,11.0,,,מאוחדת,לא רלוונטי,לא ידוע
641,"יל""ג",13,2020.0,11.0,,,מאוחדת,אנדוקרינולוגיה,לא ידוע
641,"יל""ג",13,2020.0,11.0,,,מאוחדת,משפחה,לא ידוע
641,"יל""ג",13,2020.0,11.0,,,מאוחדת,עור ומין,לא ידוע
641,"יל""ג",13,2020.0,11.0,,,מאוחדת,עור ומין,לא ידוע
641,"יל""ג",13,2020.0,11.0,,,מאוחדת,עור ומין,לא ידוע
641,"יל""ג",13,2020.0,11.0,,,מאוחדת,שירותי משרד,לא ידוע
641,"יל""ג",13,2020.0,11.0,,,מאוחדת,שירותי אחות,לא ידוע
641,"יל""ג",13,2020.0,11.0,,,מאוחדת,ילדים,לא ידוע
641,"יל""ג",13,2020.0,11.0,,,מאוחדת,אף אוזן וגרון,לא ידוע
641,"יל""ג",13,2020.0,11.0,,,מאוחדת,מעבדה,לא ידוע
641,"יל""ג",13,2020.0,11.0,,,מאוחדת,משפחה,לא ידוע
631,ירושלים,3,2020.0,11.0,,,כללית,לא רלוונטי,ללא
631,ירושלים,6,2020.0,11.0,,,כללית,לא רלוונטי,ללא
631,ירושלים,3,2020.0,11.0,,,כללית,לא רלוונטי,לא ידוע
631,ירושלים,6,2020.0,11.0,,,כללית,קלינאות תקשורת - מכשירי שמיעה,לא ידוע
631,ירושלים,6,2020.0,11.0,,,כללית,לא רלוונטי,לא ידוע
631,ירושלים,25,2020.0,11.0,,,כללית,לא רלוונטי,לא ידוע
631,ירושלים,3,2020.0,11.0,,,כללית,ילדים,"שירותי נכים, מיטה חשמלית"
631,ירושלים,6,2020.0,11.0,,,לאומית,קלינאות תקשורת - מכשירי שמיעה,לא ידוע
631,ירושלים,3,2020.0,11.0,,,מכבי,ילדים,יש לברר טלפונית
631,ירושלים,16,2020.0,11.0,,,מכבי,עיניים,יש לברר טלפונית
631,ירושלים,3,2020.0,11.0,,,מכבי,משפחה,יש לברר טלפונית
631,ירושלים,3,2020.0,11.0,,,לאומית,פסיכיאטריה,לא ידוע
631,ירושלים,3,2020.0,11.0,,,לאומית,פסיכיאטריה,לא ידוע
631,ירושלים,25,2020.0,11.0,,,לאומית,יילוד וגינקולוגיה,לא ידוע
631,ירושלים,12,2020.0,11.0,,,לאומית,יילוד וגינקולוגיה,לא ידוע
631,ירושלים,16,2020.0,11.0,,,מאוחדת,עיניים,לא ידוע
631,ירושלים,3,2020.0,11.0,,,מאוחדת,נוירולוגית ילדים והתפתחות הילד,לא ידוע
633,כורי,11,2020.0,11.0,,,כללית,קלינאי תקשורת - שפה ודיבור,ללא
633,כורי,11,2020.0,11.0,,,כללית,לא רלוונטי,ללא
633,כורי,11,2020.0,11.0,,,כללית,לא רלוונטי,לא ידוע
633,כורי,1,2020.0,11.0,,,כללית,לא רלוונטי,לא ידוע
633,כורי,11,2020.0,11.0,,,כללית,לא רלוונטי,לא ידוע
633,כורי,11,2020.0,11.0,,,כללית,עיניים,"שירותי נכים, מיטה חשמלית"
633,כורי,11,2020.0,11.0,,,כללית,אף אוזן וגרון,"שירותי נכים, מיטה חשמלית"
633,כורי,11,2020.0,11.0,,,כללית,אורולוגיה,"שירותי נכים, מיטה חשמלית"
633,כורי,11,2020.0,11.0,,,כללית,קלינאי תקשורת - שפה ודיבור,"שירותי נכים, מיטה חשמלית"
633,כורי,11,2020.0,11.0,,,כללית,קלינאי תקשורת - שפה ודיבור,"שירותי נכים, מיטה חשמלית"
633,כורי,11,2020.0,11.0,,,כללית,נוירולוגיה,לא ידוע
633,כורי,11,2020.0,11.0,,,כללית,לא רלוונטי,לא ידוע
633,כורי,11,2020.0,11.0,,,כללית,נוירולוגיה,לא ידוע
633,כורי,11,2020.0,11.0,,,כללית,נוירולוגיה,לא ידוע
633,כורי,11,2020.0,11.0,,,כללית,נוירולוגיה,לא ידוע
633,כורי,11,2020.0,11.0,,,כללית,לא רלוונטי,לא ידוע
633,כורי,11,2020.0,11.0,,,כללית,קשב וריכוז,לא ידוע
633,כורי,11,2020.0,11.0,,,כללית,כירורגיה כללית,לא ידוע
633,כורי,11,2020.0,11.0,,,כללית,לא רלוונטי,לא ידוע
633,כורי,11,2020.0,11.0,,,כללית,כירורגיה - שד,לא ידוע
633,כורי,11,2020.0,11.0,,,כללית,כירורגיה כללית,לא ידוע
633,כורי,11,2020.0,11.0,,,כללית,פרוקטולוגיה,לא ידוע
633,כורי,1,2020.0,11.0,,,כללית,קרדיולוגית ילדים,לא ידוע
633,כורי,1,2020.0,11.0,,,כללית,קשב וריכוז,לא ידוע
633,כורי,1,2020.0,11.0,,,כללית,יילוד וגינקולוגיה - מעקב הריון,לא ידוע
633,כורי,1,2020.0,11.0,,,כללית,לא רלוונטי,לא ידוע
633,כורי,1,2020.0,11.0,,,כללית,אלרגולוגיה,לא ידוע
633,כורי,1,2020.0,11.0,,,כללית,קרדיולוגית ילדים,לא ידוע
633,כורי,2,2020.0,11.0,,,לאומית,לא רלוונטי,לא ידוע
633,כורי,2,2020.0,11.0,,,לאומית,ריפוי בעיסוק,לא ידוע
633,כורי,2,2020.0,11.0,,,לאומית,דיאטן תזונאי,לא ידוע
633,כורי,2,2020.0,11.0,,,לאומית,לא רלוונטי,לא ידוע
633,כורי,2,2020.0,11.0,,,לאומית,לא רלוונטי,לא ידוע
633,כורי,2,2020.0,11.0,,,לאומית,בריאות הנפש ,לא ידוע
633,כורי,2,2020.0,11.0,,,לאומית,דימות - אולטרה סאונד,לא ידוע
633,כורי,2,2020.0,11.0,,,לאומית,דימות - רנטגן,לא ידוע
633,כורי,2,2020.0,11.0,,,לאומית,קלינאות תקשורת - מכשירי שמיעה,לא ידוע
633,כורי,2,2020.0,11.0,,,לאומית,לא רלוונטי,לא ידוע
633,כורי,2,2020.0,11.0,,,לאומית,קלינאות תקשורת - מכשירי שמיעה,לא ידוע
633,כורי,2,2020.0,11.0,,,לאומית,ריפוי בעיסוק,לא ידוע
633,כורי,2,2020.0,11.0,,,לאומית,פיזיותרפיה,לא ידוע
633,כורי,2,2020.0,11.0,,,לאומית,בריאות הנפש - הילד והמתבגר,לא ידוע
633,כורי,2,2020.0,11.0,,,לאומית,כירורגיה כללית,לא ידוע
633,כורי,2,2020.0,11.0,,,לאומית,אורולוגיה,לא ידוע
633,כורי,2,2020.0,11.0,,,לאומית,יילוד וגינקולוגיה,לא ידוע
633,כורי,2,2020.0,11.0,,,לאומית,כירורגיה כללית,לא ידוע
633,כורי,2,2020.0,11.0,,,לאומית,עיניים,לא ידוע
633,כורי,2,2020.0,11.0,,,לאומית,כירורגיה פלסטית,לא ידוע
633,כורי,2,2020.0,11.0,,,לאומית,משפחה,לא ידוע
633,כורי,2,2020.0,11.0,,,לאומית,גנטיקה רפואית,לא ידוע
633,כורי,2,2020.0,11.0,,,לאומית,כירורגיה כללית,לא ידוע
633,כורי,2,2020.0,11.0,,,לאומית,המטולוגיה,לא ידוע
633,כורי,2,2020.0,11.0,,,לאומית,אורולוגיה,לא ידוע
633,כורי,2,2020.0,11.0,,,לאומית,מחלות ריאה,לא ידוע
633,כורי,2,2020.0,11.0,,,לאומית,פרוקטולוגיה,לא ידוע
633,כורי,2,2020.0,11.0,,,לאומית,עור ומין,לא ידוע
633,כורי,2,2020.0,11.0,,,לאומית,ילדים,לא ידוע
633,כורי,2,2020.0,11.0,,,לאומית,משפחה,לא ידוע
633,כורי,2,2020.0,11.0,,,לאומית,עיניים,לא ידוע
633,כורי,2,2020.0,11.0,,,לאומית,גריאטריה,לא ידוע
633,כורי,2,2020.0,11.0,,,לאומית,משפחה,לא ידוע
633,כורי,2,2020.0,11.0,,,לאומית,יילוד וגינקולוגיה,לא ידוע
633,כורי,2,2020.0,11.0,,,לאומית,משפחה,לא ידוע
633,כורי,2,2020.0,11.0,,,לאומית,רדיולוגיה אבחנתית,לא ידוע
633,כורי,2,2020.0,11.0,,,לאומית,לא רלוונטי,לא ידוע
633,כורי,2,2020.0,11.0,,,לאומית,יילוד וגינקולוגיה,לא ידוע
633,כורי,2,2020.0,11.0,,,לאומית,כירורגיה כללית,לא ידוע
633,כורי,2,2020.0,11.0,,,לאומית,משפחה,לא ידוע
633,כורי,2,2020.0,11.0,,,לאומית,אורתופדיה,לא ידוע
633,כורי,2,2020.0,11.0,,,לאומית,משפחה,לא ידוע
633,כורי,2,2020.0,11.0,,,לאומית,אף אוזן וגרון,לא ידוע
633,כורי,2,2020.0,11.0,,,לאומית,נפרולוגיה,לא ידוע
633,כורי,2,2020.0,11.0,,,לאומית,לא רלוונטי,לא ידוע
633,כורי,2,2020.0,11.0,,,לאומית,נוירולוגית ילדים והתפתחות הילד,לא ידוע
633,כורי,2,2020.0,11.0,,,לאומית,נוירולוגיה,לא ידוע
633,כורי,2,2020.0,11.0,,,לאומית,יילוד וגינקולוגיה,לא ידוע
633,כורי,2,2020.0,11.0,,,לאומית,עור ומין,לא ידוע
633,כורי,2,2020.0,11.0,,,לאומית,ראומטולוגיה,לא ידוע
633,כורי,2,2020.0,11.0,,,לאומית,כירורגית כלי דם,לא ידוע
633,כורי,2,2020.0,11.0,,,לאומית,ילדים,לא ידוע
633,כורי,2,2020.0,11.0,,,לאומית,משפחה,לא ידוע
633,כורי,2,2020.0,11.0,,,לאומית,פסיכיאטריה של הילד והמתבגר,לא ידוע
633,כורי,2,2020.0,11.0,,,לאומית,ילדים,לא ידוע
633,כורי,2,2020.0,11.0,,,לאומית,אנדוקרינולוגיה,לא ידוע
633,כורי,2,2020.0,11.0,,,לאומית,נוירולוגיה,לא ידוע
633,כורי,2,2020.0,11.0,,,לאומית,גסטרואנטרולוגיה,לא ידוע
633,כורי,2,2020.0,11.0,,,לאומית,רפואה תעסוקתית,לא ידוע
633,כורי,2,2020.0,11.0,,,לאומית,אורתופדיה,לא ידוע
633,כורי,2,2020.0,11.0,,,לאומית,פסיכיאטריה,לא ידוע
633,כורי,2,2020.0,11.0,,,לאומית,דימות - רנטגן,לא ידוע
633,כורי,2,2020.0,11.0,,,לאומית,בית מרקחת,לא ידוע
633,כורי,2,2020.0,11.0,,,לאומית,עבודה סוציאלית,לא ידוע
633,כורי,2,2020.0,11.0,,,לאומית,מעבדה - פטריות,לא ידוע
633,כורי,2,2020.0,11.0,,,לאומית,מעבדה,לא ידוע
633,כורי,2,2020.0,11.0,,,לאומית,לא רלוונטי,לא ידוע
633,כורי,2,2020.0,11.0,,,לאומית,ניטור עוברי -מוניטור,לא ידוע
633,כורי,2,2020.0,11.0,,,לאומית,חדר פעולות כירורגיות,לא ידוע
633,כורי,2,2020.0,11.0,,,לאומית,קרדיולוגיה - בדיקות מאמץ,לא ידוע
633,כורי,2,2020.0,11.0,,,לאומית,הולטר לב,לא ידוע
633,כורי,2,2020.0,11.0,,,לאומית,יילוד וגינקולוגיה,לא ידוע
633,כורי,2,2020.0,11.0,,,לאומית,דימות - אולטרה סאונד,לא ידוע
633,כורי,2,2020.0,11.0,,,לאומית,שירותי אחות,לא ידוע
633,כורי,2,2020.0,11.0,,,לאומית,סוכרת,לא ידוע
633,כורי,2,2020.0,11.0,,,לאומית,מוקד רפואה דחופה  ,לא ידוע
633,כורי,2,2020.0,11.0,,,לאומית,פסיכותרפיה,לא ידוע
633,כורי,2,2020.0,11.0,,,לאומית,בית מרקחת,לא ידוע
633,כורי,11,2020.0,11.0,,,לאומית,עיניים,לא ידוע
633,כורי,2,2020.0,11.0,,,לאומית,עבודה סוציאלית,לא ידוע
633,כורי,2,2020.0,11.0,,,לאומית,לא רלוונטי,לא ידוע
632,לבונטין,15,2020.0,11.0,,,כללית,לא רלוונטי,לא ידוע
632,לבונטין,15,2020.0,11.0,,,כללית,לא רלוונטי,לא ידוע
632,לבונטין,15,2020.0,11.0,,,כללית,פסיכיאטריה,לא ידוע
632,לבונטין,15,2020.0,11.0,,,כללית,פסיכותרפיה,לא ידוע
632,לבונטין,15,2020.0,11.0,,,כללית,מכון שינה,לא ידוע
632,לבונטין,15,2020.0,11.0,,,כללית,פסיכיאטריה,לא ידוע
632,לבונטין,15,2020.0,11.0,,,מכבי,פסיכיאטריה,יש לברר טלפונית
632,לבונטין,15,2020.0,11.0,,,לאומית,פסיכיאטריה,לא ידוע
622,מונטיפיורי,19,2020.0,11.0,,,מאוחדת,נוירולוגית ילדים והתפתחות הילד,לא ידוע
622,מונטיפיורי,19,2020.0,11.0,,,מאוחדת,נוירולוגית ילדים והתפתחות הילד,לא ידוע
642,מיכאל,24,2020.0,11.0,,,כללית,לא רלוונטי,ללא
642,מיכאל,13,2020.0,11.0,,,כללית,לא רלוונטי,לא ידוע
642,מיכאל,13,2020.0,11.0,,,מכבי,אופטומטריה,יש לברר טלפונית
642,מיכאל,13,2020.0,11.0,,,מאוחדת,עיניים,לא ידוע
634,מעלה השחרור,23,2020.0,11.0,,,כללית,לא רלוונטי,לא ידוע
644,משעול תורת חיים,אין,2020.0,11.0,,,מאוחדת,ילדים,לא ידוע
644,משעול תורת חיים,אין,2020.0,11.0,,,מאוחדת,ילדים,לא ידוע
644,משעול תורת חיים,אין,2020.0,11.0,,,מאוחדת,ילדים,לא ידוע
634,נורדאו,30,2020.0,11.0,,,כללית,לא רלוונטי,"גישה למרפאה, שירותי נכים"
634,נורדאו,19,2020.0,11.0,,,כללית,לא רלוונטי,לא ידוע
634,נורדאו,4,2020.0,11.0,,,כללית,לא רלוונטי,לא ידוע
634,נורדאו,30,2020.0,11.0,,,כללית,משפחה,"גישה למרפאה, שירותי נכים"
634,נורדאו,30,2020.0,11.0,,,כללית,משפחה,"גישה למרפאה, שירותי נכים"
634,נורדאו,4,2020.0,11.0,,,כללית,פסיכיאטריה,לא ידוע
634,נורדאו,4,2020.0,11.0,,,כללית,לא רלוונטי,לא ידוע
634,נורדאו,4,2020.0,11.0,,,כללית,פסיכותרפיה,לא ידוע
634,נורדאו,19,2020.0,11.0,,,כללית,לא רלוונטי,לא ידוע
634,נורדאו,19,2020.0,11.0,,,כללית,פסיכיאטריה,לא ידוע
634,נורדאו,19,2020.0,11.0,,,מכבי,משפחה,יש לברר טלפונית
634,נורדאו,19,2020.0,11.0,,,מכבי,נוירולוגיה,יש לברר טלפונית
634,נורדאו,19,2020.0,11.0,,,מכבי,גסטרואנטרולוגיה,יש לברר טלפונית
634,נורדאו,19,2020.0,11.0,,,מכבי,פסיכיאטריה,יש לברר טלפונית
634,נורדאו,4,2020.0,11.0,,,מכבי,פסיכיאטריה,יש לברר טלפונית
634,נורדאו,19,2020.0,11.0,,,מכבי,משפחה,יש לברר טלפונית
634,נורדאו,19,2020.0,11.0,,,מכבי,ראומטולוגיה,יש לברר טלפונית
634,נורדאו,19,2020.0,11.0,,,לאומית,פסיכיאטריה,לא ידוע
634,נורדאו,4,2020.0,11.0,,,לאומית,פסיכיאטריה,לא ידוע
634,נורדאו,35,2020.0,11.0,,,לאומית,עור ומין,לא ידוע
634,נורדאו,13,2020.0,11.0,,,מכבי,בית מרקחת,יש לברר טלפונית
633,סמטת עתלית,6,2020.0,11.0,,,מאוחדת,מעבדה,לא ידוע
633,סמטת עתלית,6,2020.0,11.0,,,מאוחדת,דיאטן תזונאי,לא ידוע
633,סמטת עתלית,6,2020.0,11.0,,,מאוחדת,גריאטריה,לא ידוע
633,סמטת עתלית,6,2020.0,11.0,,,מאוחדת,פסיכיאטריה של הילד והמתבגר,לא ידוע
633,סמטת עתלית,6,2020.0,11.0,,,מאוחדת,ריפוי בעיסוק,לא ידוע
633,סמטת עתלית,6,2020.0,11.0,,,מאוחדת,פסיכיאטריה,לא ידוע
633,סמטת עתלית,6,2020.0,11.0,,,מאוחדת,כאב,לא ידוע
633,סמטת עתלית,6,2020.0,11.0,,,מאוחדת,לא רלוונטי,לא ידוע
633,סמטת עתלית,6,2020.0,11.0,,,מאוחדת,פיזיותרפיה,לא ידוע
633,סמטת עתלית,6,2020.0,11.0,,,מאוחדת,פסיכולוגיה רפואית,לא ידוע
633,סמטת עתלית,6,2020.0,11.0,,,מאוחדת,פסיכולוגיה,לא ידוע
633,סמטת עתלית,6,2020.0,11.0,,,מאוחדת,פסיכולוגיה קלינית,לא ידוע
633,סמטת עתלית,6,2020.0,11.0,,,מאוחדת,פסיכולוגיה,לא ידוע
633,סמטת עתלית,6,2020.0,11.0,,,מאוחדת,פסיכולוגיה,לא ידוע
633,סמטת עתלית,6,2020.0,11.0,,,מאוחדת,לא רלוונטי,לא ידוע
633,סמטת עתלית,6,2020.0,11.0,,,מאוחדת,פסיכולוגיה,לא ידוע
633,סמטת עתלית,6,2020.0,11.0,,,מאוחדת,פסיכולוגיה קלינית,לא ידוע
633,סמטת עתלית,6,2020.0,11.0,,,מאוחדת,לא רלוונטי,לא ידוע
633,סמטת עתלית,6,2020.0,11.0,,,מאוחדת,פסיכולוגיה,לא ידוע
633,סמטת עתלית,6,2020.0,11.0,,,מאוחדת,פסיכולוגיה קלינית,לא ידוע
633,סמטת עתלית,6,2020.0,11.0,,,מאוחדת,פסיכולוגיה,לא ידוע
633,סמטת עתלית,6,2020.0,11.0,,,מאוחדת,פסיכולוגיה,לא ידוע
633,סמטת עתלית,6,2020.0,11.0,,,מאוחדת,פסיכולוגיה רפואית,לא ידוע
633,סמטת עתלית,6,2020.0,11.0,,,מאוחדת,לא רלוונטי,לא ידוע
633,סמטת עתלית,6,2020.0,11.0,,,מאוחדת,עבודה סוציאלית,לא ידוע
633,סמטת עתלית,6,2020.0,11.0,,,מאוחדת,רפואה משלימה,לא ידוע
633,סמטת עתלית,6,2020.0,11.0,,,מאוחדת,לא רלוונטי,לא ידוע
633,סמטת עתלית,6,2020.0,11.0,,,מאוחדת,שירותי משרד,לא ידוע
633,סמטת עתלית,6,2020.0,11.0,,,מאוחדת,לא רלוונטי,לא ידוע
633,סמטת עתלית,6,2020.0,11.0,,,מאוחדת,פסיכולוגיה רפואית,לא ידוע
633,סמטת עתלית,6,2020.0,11.0,,,מאוחדת,פסיכולוגיה קלינית,לא ידוע
633,סמטת עתלית,6,2020.0,11.0,,,מאוחדת,דיאטן תזונאי,לא ידוע
633,סמטת עתלית,6,2020.0,11.0,,,מאוחדת,פסיכיאטריה,לא ידוע
633,סמטת עתלית,6,2020.0,11.0,,,מאוחדת,גריאטריה,לא ידוע
633,סמטת עתלית,6,2020.0,11.0,,,מאוחדת,פסיכותרפיה,לא ידוע
633,סמטת עתלית,6,2020.0,11.0,,,מאוחדת,מעבדה,לא ידוע
633,סמטת עתלית,6,2020.0,11.0,,,מאוחדת,פסיכיאטריה של הילד והמתבגר,לא ידוע
633,סמטת עתלית,6,2020.0,11.0,,,מאוחדת,כאב,לא ידוע
613,סמטת שמואל,4,2020.0,11.0,,,מאוחדת,משפחה,לא ידוע
623,חנה סנש,45,2020.0,11.0,,,כללית,טיפת חלב,ללא
623,חנה סנש,45,2020.0,11.0,,,כללית,טיפת חלב,"גישה למרפאה, שירותי נכים"
612,עבאס,6,2020.0,11.0,,,כללית,לא רלוונטי,"גישה למרפאה, שירותי נכים"
612,עבאס,10,2020.0,11.0,,,כללית,קלינאות תקשורת - מכשירי שמיעה,ללא
612,עבאס,10,2020.0,11.0,,,כללית,לא רלוונטי,ללא
612,עבאס,6,2020.0,11.0,,,כללית,ילדים,"גישה למרפאה, שירותי נכים"
612,עבאס,6,2020.0,11.0,,,מאוחדת,משפחה,לא ידוע
612,עבאס,6,2020.0,11.0,,,מאוחדת,משפחה,לא ידוע
622,"רש""י",12,2020.0,11.0,,,לאומית,אורתופדיה,לא ידוע
621,גולומב,47,2020.0,11.0,,,כללית,לא רלוונטי,ללא
621,גולומב,47,2020.0,11.0,,,כללית,לא רלוונטי,ללא
621,גולומב,47,2020.0,11.0,,,כללית,דיאליזה,ללא
621,גולומב,47,2020.0,11.0,,,כללית,לא רלוונטי,לא ידוע
621,גולומב,47,2020.0,11.0,,,לאומית,לא רלוונטי,לא ידוע
621,גולומב,47,2020.0,11.0,,,לאומית,לא רלוונטי,לא ידוע
621,גולומב,47,2020.0,11.0,,,לאומית,דימות - אולטרה סאונד,לא ידוע
621,גולומב,47,2020.0,11.0,,,לאומית,אלרגיה,לא ידוע
621,גולומב,47,2020.0,11.0,,,לאומית,לא רלוונטי,לא ידוע
621,גולומב,47,2020.0,11.0,,,לאומית,אונקולוגיה,לא ידוע
621,גולומב,47,2020.0,11.0,,,לאומית,בריאות הנפש ,לא ידוע
621,גולומב,47,2020.0,11.0,,,לאומית,פסיכיאטריה,לא ידוע
621,גולומב,47,2020.0,11.0,,,לאומית,פסיכותרפיה,לא ידוע
621,גולומב,47,2020.0,11.0,,,מכבי,נוירולוגית ילדים והתפתחות הילד,יש לברר טלפונית
621,גולומב,47,2020.0,11.0,,,לאומית,פסיכותרפיה,לא ידוע
621,גולומב,47,2020.0,11.0,,,לאומית,בריאות הנפש ,לא ידוע
621,גולומב,47,2020.0,11.0,,,לאומית,פסיכותרפיה,לא ידוע
621,גולומב,47,2020.0,11.0,,,לאומית,פסיכותרפיה,לא ידוע
621,גולומב,47,2020.0,11.0,,,לאומית,פסיכיאטריה,לא ידוע
621,גולומב,47,2020.0,11.0,,,לאומית,אונקולוגיה,לא ידוע
621,גולומב,47,2020.0,11.0,,,לאומית,לא רלוונטי,לא ידוע
621,גולומב,47,2020.0,11.0,,,לאומית,משפחה,לא ידוע
621,גולומב,28,2020.0,11.0,,,מכבי,בית מרקחת,יש לברר טלפונית
621,גולומב,47,2020.0,11.0,,,מאוחדת,רפואת שיניים,לא ידוע
621,גולומב,47,2020.0,11.0,,,מאוחדת,רפואת שיניים - רפואת הפה,לא ידוע
621,גולומב,28,2020.0,11.0,,,מאוחדת,בית מרקחת,לא ידוע
611,הציונות,96,2020.0,11.0,,,לאומית,כאב,לא ידוע
621,וינגייט,2,2020.0,11.0,,,כללית,לא רלוונטי,לא ידוע
621,וינגייט,6,2020.0,11.0,,,לאומית,כאב,לא ידוע
